DATE,TAGS,POSTS
7/1/2008,c#,3
8/1/2008,assembly,8
8/1/2008,c,83
8/1/2008,c#,504
8/1/2008,c++,164
8/1/2008,delphi,14
8/1/2008,java,222
8/1/2008,javascript,163
8/1/2008,perl,28
8/1/2008,php,157
8/1/2008,python,119
8/1/2008,ruby,70
9/1/2008,assembly,28
9/1/2008,c,320
9/1/2008,c#,1639
9/1/2008,c++,755
9/1/2008,delphi,104
9/1/2008,java,1129
9/1/2008,javascript,634
9/1/2008,perl,130
9/1/2008,php,475
9/1/2008,python,537
9/1/2008,r,6
9/1/2008,ruby,286
10/1/2008,assembly,16
10/1/2008,c,303
10/1/2008,c#,1987
10/1/2008,c++,807
10/1/2008,delphi,112
10/1/2008,java,1149
10/1/2008,javascript,722
10/1/2008,perl,128
10/1/2008,php,608
10/1/2008,python,506
10/1/2008,ruby,247
11/1/2008,assembly,16
11/1/2008,c,258
11/1/2008,c#,1730
11/1/2008,c++,734
11/1/2008,delphi,140
11/1/2008,java,954
11/1/2008,javascript,580
11/1/2008,perl,97
11/1/2008,php,499
11/1/2008,python,448
11/1/2008,r,1
11/1/2008,ruby,157
12/1/2008,assembly,17
12/1/2008,c,188
12/1/2008,c#,1594
12/1/2008,c++,630
12/1/2008,delphi,134
12/1/2008,java,825
12/1/2008,javascript,625
12/1/2008,perl,133
12/1/2008,php,477
12/1/2008,python,437
12/1/2008,r,1
12/1/2008,ruby,159
1/1/2009,assembly,22
1/1/2009,c,318
1/1/2009,c#,2374
1/1/2009,c++,849
1/1/2009,delphi,164
1/1/2009,java,1148
1/1/2009,javascript,790
1/1/2009,perl,146
1/1/2009,php,629
1/1/2009,python,631
1/1/2009,r,8
1/1/2009,ruby,205
1/1/2009,swift,1
2/1/2009,assembly,36
2/1/2009,c,331
2/1/2009,c#,2597
2/1/2009,c++,841
2/1/2009,delphi,167
2/1/2009,java,1203
2/1/2009,javascript,945
2/1/2009,perl,163
2/1/2009,php,757
2/1/2009,python,630
2/1/2009,r,8
2/1/2009,ruby,286
2/1/2009,swift,1
3/1/2009,assembly,24
3/1/2009,c,430
3/1/2009,c#,3155
3/1/2009,c++,1047
3/1/2009,delphi,161
3/1/2009,java,1430
3/1/2009,javascript,1007
3/1/2009,perl,137
3/1/2009,php,895
3/1/2009,python,764
3/1/2009,r,4
3/1/2009,ruby,329
3/1/2009,swift,1
4/1/2009,assembly,50
4/1/2009,c,456
4/1/2009,c#,3303
4/1/2009,c++,1017
4/1/2009,delphi,185
4/1/2009,java,1529
4/1/2009,javascript,1047
4/1/2009,perl,161
4/1/2009,php,958
4/1/2009,python,770
4/1/2009,r,12
4/1/2009,ruby,358
5/1/2009,assembly,46
5/1/2009,c,481
5/1/2009,c#,3549
5/1/2009,c++,1214
5/1/2009,delphi,202
5/1/2009,java,1813
5/1/2009,javascript,1429
5/1/2009,perl,196
5/1/2009,php,1174
5/1/2009,python,995
5/1/2009,r,2
5/1/2009,ruby,401
5/1/2009,swift,2
6/1/2009,assembly,48
6/1/2009,c,498
6/1/2009,c#,3880
6/1/2009,c++,1250
6/1/2009,delphi,221
6/1/2009,java,2110
6/1/2009,javascript,1552
6/1/2009,perl,246
6/1/2009,php,1573
6/1/2009,python,1044
6/1/2009,r,5
6/1/2009,ruby,431
6/1/2009,swift,1
7/1/2009,assembly,32
7/1/2009,c,538
7/1/2009,c#,4402
7/1/2009,c++,1465
7/1/2009,delphi,269
7/1/2009,java,2253
7/1/2009,javascript,1752
7/1/2009,perl,256
7/1/2009,php,2017
7/1/2009,python,1157
7/1/2009,r,50
7/1/2009,ruby,499
8/1/2009,assembly,48
8/1/2009,c,529
8/1/2009,c#,4445
8/1/2009,c++,1398
8/1/2009,delphi,246
8/1/2009,java,2185
8/1/2009,javascript,1856
8/1/2009,perl,248
8/1/2009,php,2175
8/1/2009,python,1131
8/1/2009,r,47
8/1/2009,ruby,484
8/1/2009,swift,3
9/1/2009,assembly,62
9/1/2009,c,573
9/1/2009,c#,4346
9/1/2009,c++,1462
9/1/2009,delphi,251
9/1/2009,java,2258
9/1/2009,javascript,1756
9/1/2009,perl,249
9/1/2009,php,2252
9/1/2009,python,1169
9/1/2009,r,138
9/1/2009,ruby,477
9/1/2009,swift,3
10/1/2009,assembly,73
10/1/2009,c,775
10/1/2009,c#,4723
10/1/2009,c++,1685
10/1/2009,delphi,254
10/1/2009,java,2498
10/1/2009,javascript,2046
10/1/2009,perl,282
10/1/2009,php,2351
10/1/2009,python,1417
10/1/2009,r,73
10/1/2009,ruby,492
10/1/2009,swift,1
11/1/2009,assembly,82
11/1/2009,c,956
11/1/2009,c#,4675
11/1/2009,c++,1746
11/1/2009,delphi,274
11/1/2009,go,65
11/1/2009,java,2759
11/1/2009,javascript,2234
11/1/2009,perl,322
11/1/2009,php,2676
11/1/2009,python,1552
11/1/2009,r,94
11/1/2009,ruby,654
11/1/2009,swift,3
12/1/2009,assembly,62
12/1/2009,c,848
12/1/2009,c#,4482
12/1/2009,c++,1651
12/1/2009,delphi,282
12/1/2009,go,11
12/1/2009,java,2684
12/1/2009,javascript,2305
12/1/2009,perl,261
12/1/2009,php,2814
12/1/2009,python,1584
12/1/2009,r,80
12/1/2009,ruby,572
12/1/2009,swift,1
1/1/2010,assembly,100
1/1/2010,c,977
1/1/2010,c#,5111
1/1/2010,c++,1994
1/1/2010,delphi,303
1/1/2010,go,15
1/1/2010,java,3722
1/1/2010,javascript,2626
1/1/2010,perl,301
1/1/2010,php,3424
1/1/2010,python,1946
1/1/2010,r,94
1/1/2010,ruby,684
2/1/2010,assembly,69
2/1/2010,c,1032
2/1/2010,c#,5094
2/1/2010,c++,2275
2/1/2010,delphi,283
2/1/2010,go,7
2/1/2010,java,3576
2/1/2010,javascript,2638
2/1/2010,perl,347
2/1/2010,php,3154
2/1/2010,python,1861
2/1/2010,r,122
2/1/2010,ruby,688
2/1/2010,swift,2
3/1/2010,assembly,123
3/1/2010,c,1114
3/1/2010,c#,6026
3/1/2010,c++,2432
3/1/2010,delphi,317
3/1/2010,go,8
3/1/2010,java,4438
3/1/2010,javascript,2988
3/1/2010,perl,390
3/1/2010,php,3734
3/1/2010,python,2072
3/1/2010,r,139
3/1/2010,ruby,693
3/1/2010,swift,1
4/1/2010,assembly,124
4/1/2010,c,1181
4/1/2010,c#,5773
4/1/2010,c++,2487
4/1/2010,delphi,270
4/1/2010,go,10
4/1/2010,java,3877
4/1/2010,javascript,3012
4/1/2010,perl,364
4/1/2010,php,3634
4/1/2010,python,1806
4/1/2010,r,160
4/1/2010,ruby,752
4/1/2010,swift,2
5/1/2010,assembly,108
5/1/2010,c,1178
5/1/2010,c#,5925
5/1/2010,c++,2415
5/1/2010,delphi,280
5/1/2010,go,17
5/1/2010,java,4166
5/1/2010,javascript,3232
5/1/2010,perl,286
5/1/2010,php,3973
5/1/2010,python,2008
5/1/2010,r,139
5/1/2010,ruby,775
5/1/2010,swift,1
6/1/2010,assembly,90
6/1/2010,c,1153
6/1/2010,c#,6139
6/1/2010,c++,2823
6/1/2010,delphi,329
6/1/2010,go,15
6/1/2010,java,4275
6/1/2010,javascript,3478
6/1/2010,perl,409
6/1/2010,php,4072
6/1/2010,python,2201
6/1/2010,r,176
6/1/2010,ruby,850
6/1/2010,swift,3
7/1/2010,assembly,97
7/1/2010,c,1284
7/1/2010,c#,6675
7/1/2010,c++,2675
7/1/2010,delphi,334
7/1/2010,go,8
7/1/2010,java,4507
7/1/2010,javascript,3878
7/1/2010,perl,435
7/1/2010,php,4582
7/1/2010,python,2583
7/1/2010,r,233
7/1/2010,ruby,910
7/1/2010,swift,1
8/1/2010,assembly,86
8/1/2010,c,1364
8/1/2010,c#,6957
8/1/2010,c++,2628
8/1/2010,delphi,353
8/1/2010,go,13
8/1/2010,java,4699
8/1/2010,javascript,4000
8/1/2010,perl,547
8/1/2010,php,5114
8/1/2010,python,2490
8/1/2010,r,283
8/1/2010,ruby,994
8/1/2010,swift,2
9/1/2010,assembly,117
9/1/2010,c,1371
9/1/2010,c#,6408
9/1/2010,c++,2726
9/1/2010,delphi,319
9/1/2010,go,9
9/1/2010,java,4708
9/1/2010,javascript,4001
9/1/2010,perl,460
9/1/2010,php,4686
9/1/2010,python,2248
9/1/2010,r,236
9/1/2010,ruby,935
9/1/2010,swift,2
10/1/2010,assembly,123
10/1/2010,c,1438
10/1/2010,c#,6727
10/1/2010,c++,2929
10/1/2010,delphi,361
10/1/2010,go,13
10/1/2010,java,5016
10/1/2010,javascript,4106
10/1/2010,perl,498
10/1/2010,php,4496
10/1/2010,python,2671
10/1/2010,r,214
10/1/2010,ruby,925
10/1/2010,swift,1
11/1/2010,assembly,164
11/1/2010,c,1674
11/1/2010,c#,7308
11/1/2010,c++,3365
11/1/2010,delphi,390
11/1/2010,go,16
11/1/2010,java,5588
11/1/2010,javascript,4542
11/1/2010,perl,464
11/1/2010,php,5093
11/1/2010,python,2603
11/1/2010,r,241
11/1/2010,ruby,927
11/1/2010,swift,1
12/1/2010,assembly,125
12/1/2010,c,1467
12/1/2010,c#,7097
12/1/2010,c++,3128
12/1/2010,delphi,321
12/1/2010,go,18
12/1/2010,java,5667
12/1/2010,javascript,4955
12/1/2010,perl,500
12/1/2010,php,5372
12/1/2010,python,2472
12/1/2010,r,223
12/1/2010,ruby,1021
12/1/2010,swift,2
1/1/2011,assembly,133
1/1/2011,c,1458
1/1/2011,c#,7977
1/1/2011,c++,3484
1/1/2011,delphi,368
1/1/2011,go,15
1/1/2011,java,6529
1/1/2011,javascript,5416
1/1/2011,perl,477
1/1/2011,php,6397
1/1/2011,python,2896
1/1/2011,r,249
1/1/2011,ruby,1201
1/1/2011,swift,4
2/1/2011,assembly,147
2/1/2011,c,1633
2/1/2011,c#,8205
2/1/2011,c++,3435
2/1/2011,delphi,358
2/1/2011,go,16
2/1/2011,java,6853
2/1/2011,javascript,5589
2/1/2011,perl,481
2/1/2011,php,6685
2/1/2011,python,3008
2/1/2011,r,322
2/1/2011,ruby,1247
2/1/2011,swift,5
3/1/2011,assembly,192
3/1/2011,c,2108
3/1/2011,c#,9966
3/1/2011,c++,4167
3/1/2011,delphi,515
3/1/2011,go,3
3/1/2011,java,8448
3/1/2011,javascript,6756
3/1/2011,perl,604
3/1/2011,php,8063
3/1/2011,python,3741
3/1/2011,r,422
3/1/2011,ruby,1636
3/1/2011,swift,3
4/1/2011,assembly,159
4/1/2011,c,2032
4/1/2011,c#,9253
4/1/2011,c++,4159
4/1/2011,delphi,400
4/1/2011,go,7
4/1/2011,java,7882
4/1/2011,javascript,6871
4/1/2011,perl,550
4/1/2011,php,7613
4/1/2011,python,3330
4/1/2011,r,475
4/1/2011,ruby,1475
4/1/2011,swift,3
5/1/2011,assembly,158
5/1/2011,c,1820
5/1/2011,c#,9964
5/1/2011,c++,3865
5/1/2011,delphi,472
5/1/2011,go,36
5/1/2011,java,8526
5/1/2011,javascript,7288
5/1/2011,perl,581
5/1/2011,php,8053
5/1/2011,python,3509
5/1/2011,r,425
5/1/2011,ruby,1563
5/1/2011,swift,1
6/1/2011,assembly,139
6/1/2011,c,1761
6/1/2011,c#,9715
6/1/2011,c++,3797
6/1/2011,delphi,453
6/1/2011,go,34
6/1/2011,java,7860
6/1/2011,javascript,7655
6/1/2011,perl,567
6/1/2011,php,7993
6/1/2011,python,3461
6/1/2011,r,442
6/1/2011,ruby,1554
6/1/2011,swift,4
7/1/2011,assembly,141
7/1/2011,c,1655
7/1/2011,c#,9557
7/1/2011,c++,3845
7/1/2011,delphi,427
7/1/2011,go,26
7/1/2011,java,8122
7/1/2011,javascript,8077
7/1/2011,perl,658
7/1/2011,php,8615
7/1/2011,python,3649
7/1/2011,r,453
7/1/2011,ruby,1577
7/1/2011,swift,12
8/1/2011,assembly,159
8/1/2011,c,1823
8/1/2011,c#,10001
8/1/2011,c++,3943
8/1/2011,delphi,422
8/1/2011,go,40
8/1/2011,java,8635
8/1/2011,javascript,8863
8/1/2011,perl,611
8/1/2011,php,8843
8/1/2011,python,3814
8/1/2011,r,586
8/1/2011,ruby,1847
8/1/2011,swift,8
9/1/2011,assembly,154
9/1/2011,c,1914
9/1/2011,c#,9241
9/1/2011,c++,3925
9/1/2011,delphi,413
9/1/2011,go,26
9/1/2011,java,8284
9/1/2011,javascript,8139
9/1/2011,perl,500
9/1/2011,php,7997
9/1/2011,python,3506
9/1/2011,r,612
9/1/2011,ruby,1541
9/1/2011,swift,6
10/1/2011,assembly,211
10/1/2011,c,2137
10/1/2011,c#,9161
10/1/2011,c++,4335
10/1/2011,delphi,463
10/1/2011,go,40
10/1/2011,java,8508
10/1/2011,javascript,7974
10/1/2011,perl,555
10/1/2011,php,7986
10/1/2011,python,3601
10/1/2011,r,619
10/1/2011,ruby,1602
10/1/2011,swift,6
11/1/2011,assembly,211
11/1/2011,c,2193
11/1/2011,c#,9840
11/1/2011,c++,4453
11/1/2011,delphi,505
11/1/2011,go,65
11/1/2011,java,9570
11/1/2011,javascript,8611
11/1/2011,perl,604
11/1/2011,php,8611
11/1/2011,python,3854
11/1/2011,r,605
11/1/2011,ruby,1733
11/1/2011,swift,4
12/1/2011,assembly,228
12/1/2011,c,2002
12/1/2011,c#,9254
12/1/2011,c++,4333
12/1/2011,delphi,571
12/1/2011,go,52
12/1/2011,java,9127
12/1/2011,javascript,8280
12/1/2011,perl,538
12/1/2011,php,8268
12/1/2011,python,3604
12/1/2011,r,613
12/1/2011,ruby,1668
12/1/2011,swift,2
1/1/2012,assembly,169
1/1/2012,c,2219
1/1/2012,c#,10335
1/1/2012,c++,4521
1/1/2012,delphi,509
1/1/2012,go,37
1/1/2012,java,10059
1/1/2012,javascript,9536
1/1/2012,perl,561
1/1/2012,php,9205
1/1/2012,python,4182
1/1/2012,r,690
1/1/2012,ruby,1890
1/1/2012,swift,6
2/1/2012,assembly,230
2/1/2012,c,2398
2/1/2012,c#,10690
2/1/2012,c++,5083
2/1/2012,delphi,471
2/1/2012,go,31
2/1/2012,java,10888
2/1/2012,javascript,9923
2/1/2012,perl,613
2/1/2012,php,9829
2/1/2012,python,4477
2/1/2012,r,811
2/1/2012,ruby,2034
2/1/2012,swift,9
3/1/2012,assembly,260
3/1/2012,c,2714
3/1/2012,c#,11520
3/1/2012,c++,5204
3/1/2012,delphi,494
3/1/2012,go,47
3/1/2012,java,12306
3/1/2012,javascript,10639
3/1/2012,perl,607
3/1/2012,php,10784
3/1/2012,python,5013
3/1/2012,r,888
3/1/2012,ruby,2178
3/1/2012,swift,4
4/1/2012,assembly,276
4/1/2012,c,2662
4/1/2012,c#,11063
4/1/2012,c++,5280
4/1/2012,delphi,482
4/1/2012,go,69
4/1/2012,java,11962
4/1/2012,javascript,10617
4/1/2012,perl,598
4/1/2012,php,10323
4/1/2012,python,4904
4/1/2012,r,838
4/1/2012,ruby,1961
4/1/2012,swift,5
5/1/2012,assembly,227
5/1/2012,c,2474
5/1/2012,c#,11503
5/1/2012,c++,4966
5/1/2012,delphi,478
5/1/2012,go,69
5/1/2012,java,12116
5/1/2012,javascript,11469
5/1/2012,perl,642
5/1/2012,php,10846
5/1/2012,python,5068
5/1/2012,r,874
5/1/2012,ruby,1967
5/1/2012,swift,6
6/1/2012,assembly,200
6/1/2012,c,2304
6/1/2012,c#,11288
6/1/2012,c++,4632
6/1/2012,delphi,417
6/1/2012,go,72
6/1/2012,java,11072
6/1/2012,javascript,11196
6/1/2012,perl,739
6/1/2012,php,10501
6/1/2012,python,5260
6/1/2012,r,973
6/1/2012,ruby,1885
6/1/2012,swift,4
7/1/2012,assembly,201
7/1/2012,c,2366
7/1/2012,c#,12295
7/1/2012,c++,5261
7/1/2012,delphi,439
7/1/2012,go,76
7/1/2012,java,12224
7/1/2012,javascript,12299
7/1/2012,perl,666
7/1/2012,php,11680
7/1/2012,python,5718
7/1/2012,r,1117
7/1/2012,ruby,2058
7/1/2012,swift,9
8/1/2012,assembly,189
8/1/2012,c,2313
8/1/2012,c#,11932
8/1/2012,c++,5158
8/1/2012,delphi,403
8/1/2012,go,72
8/1/2012,java,12232
8/1/2012,javascript,12420
8/1/2012,perl,761
8/1/2012,php,11850
8/1/2012,python,5856
8/1/2012,r,1088
8/1/2012,ruby,2057
8/1/2012,swift,5
9/1/2012,assembly,222
9/1/2012,c,2527
9/1/2012,c#,11256
9/1/2012,c++,4901
9/1/2012,delphi,385
9/1/2012,go,129
9/1/2012,java,11601
9/1/2012,javascript,11155
9/1/2012,perl,662
9/1/2012,php,10935
9/1/2012,python,5247
9/1/2012,r,1057
9/1/2012,ruby,1953
9/1/2012,swift,7
10/1/2012,assembly,314
10/1/2012,c,3151
10/1/2012,c#,12703
10/1/2012,c++,5898
10/1/2012,delphi,478
10/1/2012,go,101
10/1/2012,java,13458
10/1/2012,javascript,12398
10/1/2012,perl,682
10/1/2012,php,11706
10/1/2012,python,6123
10/1/2012,r,1267
10/1/2012,ruby,2255
10/1/2012,swift,4
11/1/2012,assembly,303
11/1/2012,c,3185
11/1/2012,c#,12223
11/1/2012,c++,6263
11/1/2012,delphi,442
11/1/2012,go,104
11/1/2012,java,13578
11/1/2012,javascript,12319
11/1/2012,perl,636
11/1/2012,php,11705
11/1/2012,python,6388
11/1/2012,r,1345
11/1/2012,ruby,2128
11/1/2012,swift,4
12/1/2012,assembly,264
12/1/2012,c,2560
12/1/2012,c#,10944
12/1/2012,c++,5679
12/1/2012,delphi,428
12/1/2012,go,112
12/1/2012,java,12400
12/1/2012,javascript,11729
12/1/2012,perl,551
12/1/2012,php,10989
12/1/2012,python,5741
12/1/2012,r,1213
12/1/2012,ruby,1902
12/1/2012,swift,4
1/1/2013,assembly,294
1/1/2013,c,2901
1/1/2013,c#,12742
1/1/2013,c++,6030
1/1/2013,delphi,480
1/1/2013,go,101
1/1/2013,java,13677
1/1/2013,javascript,13759
1/1/2013,perl,660
1/1/2013,php,12803
1/1/2013,python,6560
1/1/2013,r,1506
1/1/2013,ruby,2303
1/1/2013,swift,5
2/1/2013,assembly,324
2/1/2013,c,3085
2/1/2013,c#,12471
2/1/2013,c++,6050
2/1/2013,delphi,447
2/1/2013,go,117
2/1/2013,java,13659
2/1/2013,javascript,13605
2/1/2013,perl,745
2/1/2013,php,12467
2/1/2013,python,6723
2/1/2013,r,1656
2/1/2013,ruby,2209
2/1/2013,swift,6
3/1/2013,assembly,367
3/1/2013,c,3427
3/1/2013,c#,14218
3/1/2013,c++,7170
3/1/2013,delphi,523
3/1/2013,go,127
3/1/2013,java,15868
3/1/2013,javascript,15252
3/1/2013,perl,850
3/1/2013,php,14027
3/1/2013,python,7600
3/1/2013,r,1846
3/1/2013,ruby,2557
3/1/2013,swift,5
4/1/2013,assembly,332
4/1/2013,c,3522
4/1/2013,c#,13860
4/1/2013,c++,7102
4/1/2013,delphi,509
4/1/2013,go,125
4/1/2013,java,16175
4/1/2013,javascript,15277
4/1/2013,perl,837
4/1/2013,php,13316
4/1/2013,python,7911
4/1/2013,r,1834
4/1/2013,ruby,2457
4/1/2013,swift,6
5/1/2013,assembly,301
5/1/2013,c,3188
5/1/2013,c#,13432
5/1/2013,c++,6817
5/1/2013,delphi,534
5/1/2013,go,142
5/1/2013,java,15231
5/1/2013,javascript,15018
5/1/2013,perl,901
5/1/2013,php,13012
5/1/2013,python,7790
5/1/2013,r,1778
5/1/2013,ruby,2337
5/1/2013,swift,2
6/1/2013,assembly,293
6/1/2013,c,2931
6/1/2013,c#,12754
6/1/2013,c++,6181
6/1/2013,delphi,474
6/1/2013,go,175
6/1/2013,java,13884
6/1/2013,javascript,14569
6/1/2013,perl,828
6/1/2013,php,12643
6/1/2013,python,7583
6/1/2013,r,1774
6/1/2013,ruby,2220
6/1/2013,swift,4
7/1/2013,assembly,297
7/1/2013,c,3006
7/1/2013,c#,14138
7/1/2013,c++,6571
7/1/2013,delphi,506
7/1/2013,go,200
7/1/2013,java,15139
7/1/2013,javascript,16767
7/1/2013,perl,952
7/1/2013,php,14226
7/1/2013,python,8597
7/1/2013,r,1963
7/1/2013,ruby,2437
7/1/2013,swift,7
8/1/2013,assembly,211
8/1/2013,c,3002
8/1/2013,c#,13815
8/1/2013,c++,6239
8/1/2013,delphi,449
8/1/2013,go,207
8/1/2013,java,15011
8/1/2013,javascript,16796
8/1/2013,perl,834
8/1/2013,php,14216
8/1/2013,python,7933
8/1/2013,r,1915
8/1/2013,ruby,2477
8/1/2013,swift,4
9/1/2013,assembly,290
9/1/2013,c,3384
9/1/2013,c#,13726
9/1/2013,c++,6534
9/1/2013,delphi,487
9/1/2013,go,237
9/1/2013,java,16211
9/1/2013,javascript,17647
9/1/2013,perl,684
9/1/2013,php,14168
9/1/2013,python,7947
9/1/2013,r,1709
9/1/2013,ruby,2386
9/1/2013,swift,9
10/1/2013,assembly,377
10/1/2013,c,4230
10/1/2013,c#,15155
10/1/2013,c++,7951
10/1/2013,delphi,520
10/1/2013,go,211
10/1/2013,java,18654
10/1/2013,javascript,19660
10/1/2013,perl,814
10/1/2013,php,15236
10/1/2013,python,9463
10/1/2013,r,2086
10/1/2013,ruby,2787
10/1/2013,swift,10
11/1/2013,assembly,417
11/1/2013,c,4276
11/1/2013,c#,14542
11/1/2013,c++,8103
11/1/2013,delphi,460
11/1/2013,go,209
11/1/2013,java,18687
11/1/2013,javascript,18423
11/1/2013,perl,820
11/1/2013,php,14785
11/1/2013,python,9465
11/1/2013,r,2185
11/1/2013,ruby,2573
11/1/2013,swift,5
12/1/2013,assembly,358
12/1/2013,c,3494
12/1/2013,c#,13587
12/1/2013,c++,6987
12/1/2013,delphi,448
12/1/2013,go,240
12/1/2013,java,17400
12/1/2013,javascript,17961
12/1/2013,perl,764
12/1/2013,php,14350
12/1/2013,python,8432
12/1/2013,r,1905
12/1/2013,ruby,2441
12/1/2013,swift,11
1/1/2014,assembly,340
1/1/2014,c,3725
1/1/2014,c#,15295
1/1/2014,c++,7674
1/1/2014,delphi,490
1/1/2014,go,300
1/1/2014,java,18614
1/1/2014,javascript,21066
1/1/2014,perl,809
1/1/2014,php,16699
1/1/2014,python,9818
1/1/2014,r,2345
1/1/2014,ruby,2756
1/1/2014,swift,6
2/1/2014,assembly,372
2/1/2014,c,3966
2/1/2014,c#,15078
2/1/2014,c++,7653
2/1/2014,delphi,489
2/1/2014,go,204
2/1/2014,java,19178
2/1/2014,javascript,21085
2/1/2014,perl,790
2/1/2014,php,16429
2/1/2014,python,9875
2/1/2014,r,2617
2/1/2014,ruby,2596
2/1/2014,swift,12
3/1/2014,assembly,451
3/1/2014,c,4549
3/1/2014,c#,16117
3/1/2014,c++,8649
3/1/2014,delphi,441
3/1/2014,go,255
3/1/2014,java,21890
3/1/2014,javascript,22564
3/1/2014,perl,907
3/1/2014,php,18210
3/1/2014,python,11397
3/1/2014,r,2798
3/1/2014,ruby,2945
3/1/2014,swift,5
4/1/2014,assembly,363
4/1/2014,c,3998
4/1/2014,c#,15246
4/1/2014,c++,8106
4/1/2014,delphi,390
4/1/2014,go,341
4/1/2014,java,20766
4/1/2014,javascript,21331
4/1/2014,perl,820
4/1/2014,php,17533
4/1/2014,python,10718
4/1/2014,r,2729
4/1/2014,ruby,2741
4/1/2014,swift,5
5/1/2014,assembly,329
5/1/2014,c,3248
5/1/2014,c#,13836
5/1/2014,c++,6763
5/1/2014,delphi,468
5/1/2014,go,278
5/1/2014,java,17873
5/1/2014,javascript,19682
5/1/2014,perl,794
5/1/2014,php,14639
5/1/2014,python,9213
5/1/2014,r,2576
5/1/2014,ruby,2671
5/1/2014,swift,9
6/1/2014,assembly,267
6/1/2014,c,2762
6/1/2014,c#,12433
6/1/2014,c++,5641
6/1/2014,delphi,413
6/1/2014,go,288
6/1/2014,java,15838
6/1/2014,javascript,18210
6/1/2014,perl,675
6/1/2014,php,12899
6/1/2014,python,8884
6/1/2014,r,2396
6/1/2014,ruby,2329
6/1/2014,swift,2386
7/1/2014,assembly,215
7/1/2014,c,2821
7/1/2014,c#,13633
7/1/2014,c++,6254
7/1/2014,delphi,444
7/1/2014,go,450
7/1/2014,java,17301
7/1/2014,javascript,20042
7/1/2014,perl,732
7/1/2014,php,14183
7/1/2014,python,9892
7/1/2014,r,2631
7/1/2014,ruby,2551
7/1/2014,swift,1633
8/1/2014,assembly,183
8/1/2014,c,2669
8/1/2014,c#,12452
8/1/2014,c++,5863
8/1/2014,delphi,423
8/1/2014,go,405
8/1/2014,java,15682
8/1/2014,javascript,18375
8/1/2014,perl,683
8/1/2014,php,13115
8/1/2014,python,9094
8/1/2014,r,2468
8/1/2014,ruby,2458
8/1/2014,swift,1690
9/1/2014,assembly,280
9/1/2014,c,3224
9/1/2014,c#,12292
9/1/2014,c++,6166
9/1/2014,delphi,445
9/1/2014,go,392
9/1/2014,java,16627
9/1/2014,javascript,18050
9/1/2014,perl,679
9/1/2014,php,13282
9/1/2014,python,8756
9/1/2014,r,2357
9/1/2014,ruby,2267
9/1/2014,swift,1895
10/1/2014,assembly,392
10/1/2014,c,3795
10/1/2014,c#,12521
10/1/2014,c++,6818
10/1/2014,delphi,410
10/1/2014,go,380
10/1/2014,java,17831
10/1/2014,javascript,18845
10/1/2014,perl,638
10/1/2014,php,13513
10/1/2014,python,9554
10/1/2014,r,2765
10/1/2014,ruby,2339
10/1/2014,swift,2460
11/1/2014,assembly,386
11/1/2014,c,3655
11/1/2014,c#,11837
11/1/2014,c++,6538
11/1/2014,delphi,425
11/1/2014,go,336
11/1/2014,java,17779
11/1/2014,javascript,17916
11/1/2014,perl,656
11/1/2014,php,12951
11/1/2014,python,9553
11/1/2014,r,2700
11/1/2014,ruby,2107
11/1/2014,swift,2553
12/1/2014,assembly,329
12/1/2014,c,3148
12/1/2014,c#,11054
12/1/2014,c++,6067
12/1/2014,delphi,313
12/1/2014,go,349
12/1/2014,java,16317
12/1/2014,javascript,16925
12/1/2014,perl,565
12/1/2014,php,12277
12/1/2014,python,9019
12/1/2014,r,2356
12/1/2014,ruby,2143
12/1/2014,swift,2481
1/1/2015,assembly,333
1/1/2015,c,3204
1/1/2015,c#,11715
1/1/2015,c++,6121
1/1/2015,delphi,379
1/1/2015,go,468
1/1/2015,java,16503
1/1/2015,javascript,18484
1/1/2015,perl,589
1/1/2015,php,13546
1/1/2015,python,9663
1/1/2015,r,2681
1/1/2015,ruby,2421
1/1/2015,swift,3045
2/1/2015,assembly,356
2/1/2015,c,3361
2/1/2015,c#,11771
2/1/2015,c++,6463
2/1/2015,delphi,414
2/1/2015,go,382
2/1/2015,java,16711
2/1/2015,javascript,18610
2/1/2015,perl,564
2/1/2015,php,13458
2/1/2015,python,10183
2/1/2015,r,2964
2/1/2015,ruby,2257
2/1/2015,swift,3231
3/1/2015,assembly,384
3/1/2015,c,3914
3/1/2015,c#,13244
3/1/2015,c++,7380
3/1/2015,delphi,409
3/1/2015,go,468
3/1/2015,java,19710
3/1/2015,javascript,20476
3/1/2015,perl,638
3/1/2015,php,14843
3/1/2015,python,11576
3/1/2015,r,3558
3/1/2015,ruby,2457
3/1/2015,swift,3587
4/1/2015,assembly,438
4/1/2015,c,3946
4/1/2015,c#,13061
4/1/2015,c++,7135
4/1/2015,delphi,388
4/1/2015,go,388
4/1/2015,java,19755
4/1/2015,javascript,20869
4/1/2015,perl,575
4/1/2015,php,14898
4/1/2015,python,11411
4/1/2015,r,3321
4/1/2015,ruby,2499
4/1/2015,swift,4009
5/1/2015,assembly,368
5/1/2015,c,3520
5/1/2015,c#,13346
5/1/2015,c++,6808
5/1/2015,delphi,399
5/1/2015,go,396
5/1/2015,java,18513
5/1/2015,javascript,22112
5/1/2015,perl,527
5/1/2015,php,14526
5/1/2015,python,11198
5/1/2015,r,3420
5/1/2015,ruby,2503
5/1/2015,swift,3790
6/1/2015,assembly,267
6/1/2015,c,3164
6/1/2015,c#,13528
6/1/2015,c++,6515
6/1/2015,delphi,388
6/1/2015,go,421
6/1/2015,java,17841
6/1/2015,javascript,22607
6/1/2015,perl,570
6/1/2015,php,14332
6/1/2015,python,11793
6/1/2015,r,3430
6/1/2015,ruby,2577
6/1/2015,swift,4320
7/1/2015,assembly,259
7/1/2015,c,2812
7/1/2015,c#,14105
7/1/2015,c++,6699
7/1/2015,delphi,385
7/1/2015,go,466
7/1/2015,java,18676
7/1/2015,javascript,23956
7/1/2015,perl,578
7/1/2015,php,15338
7/1/2015,python,12307
7/1/2015,r,3981
7/1/2015,ruby,2584
7/1/2015,swift,5143
8/1/2015,assembly,219
8/1/2015,c,2570
8/1/2015,c#,13224
8/1/2015,c++,5869
8/1/2015,delphi,387
8/1/2015,go,448
8/1/2015,java,17078
8/1/2015,javascript,22150
8/1/2015,perl,552
8/1/2015,php,14217
8/1/2015,python,11214
8/1/2015,r,3493
8/1/2015,ruby,2313
8/1/2015,swift,5081
9/1/2015,assembly,257
9/1/2015,c,3082
9/1/2015,c#,12912
9/1/2015,c++,5909
9/1/2015,delphi,358
9/1/2015,go,420
9/1/2015,java,16931
9/1/2015,javascript,21390
9/1/2015,perl,465
9/1/2015,php,13477
9/1/2015,python,10957
9/1/2015,r,3329
9/1/2015,ruby,2157
9/1/2015,swift,4545
10/1/2015,assembly,430
10/1/2015,c,3677
10/1/2015,c#,12790
10/1/2015,c++,7047
10/1/2015,delphi,421
10/1/2015,go,426
10/1/2015,java,18535
10/1/2015,javascript,21810
10/1/2015,perl,497
10/1/2015,php,13876
10/1/2015,python,12465
10/1/2015,r,3679
10/1/2015,ruby,2193
10/1/2015,swift,4291
11/1/2015,assembly,403
11/1/2015,c,3610
11/1/2015,c#,12371
11/1/2015,c++,7081
11/1/2015,delphi,389
11/1/2015,go,433
11/1/2015,java,17761
11/1/2015,javascript,21258
11/1/2015,perl,463
11/1/2015,php,13288
11/1/2015,python,12277
11/1/2015,r,3538
11/1/2015,ruby,1956
11/1/2015,swift,4317
12/1/2015,assembly,352
12/1/2015,c,3086
12/1/2015,c#,12131
12/1/2015,c++,6557
12/1/2015,delphi,314
12/1/2015,go,418
12/1/2015,java,16538
12/1/2015,javascript,21066
12/1/2015,perl,477
12/1/2015,php,13692
12/1/2015,python,11634
12/1/2015,r,3178
12/1/2015,ruby,2028
12/1/2015,swift,4370
1/1/2016,assembly,247
1/1/2016,c,3042
1/1/2016,c#,12352
1/1/2016,c++,6095
1/1/2016,delphi,318
1/1/2016,go,494
1/1/2016,java,16609
1/1/2016,javascript,22494
1/1/2016,perl,445
1/1/2016,php,14533
1/1/2016,python,12338
1/1/2016,r,3535
1/1/2016,ruby,2143
1/1/2016,swift,4778
2/1/2016,assembly,347
2/1/2016,c,3274
2/1/2016,c#,12720
2/1/2016,c++,6549
2/1/2016,delphi,355
2/1/2016,go,541
2/1/2016,java,17834
2/1/2016,javascript,22459
2/1/2016,perl,500
2/1/2016,php,14872
2/1/2016,python,13230
2/1/2016,r,3587
2/1/2016,ruby,2248
2/1/2016,swift,4746
3/1/2016,assembly,436
3/1/2016,c,3442
3/1/2016,c#,13598
3/1/2016,c++,7013
3/1/2016,delphi,339
3/1/2016,go,593
3/1/2016,java,19888
3/1/2016,javascript,24081
3/1/2016,perl,467
3/1/2016,php,15083
3/1/2016,python,14050
3/1/2016,r,4041
3/1/2016,ruby,2256
3/1/2016,swift,5071
4/1/2016,assembly,413
4/1/2016,c,3350
4/1/2016,c#,13707
4/1/2016,c++,6883
4/1/2016,delphi,324
4/1/2016,go,602
4/1/2016,java,19462
4/1/2016,javascript,23434
4/1/2016,perl,492
4/1/2016,php,14432
4/1/2016,python,13631
4/1/2016,r,4125
4/1/2016,ruby,2214
4/1/2016,swift,4745
5/1/2016,assembly,324
5/1/2016,c,2720
5/1/2016,c#,13483
5/1/2016,c++,6124
5/1/2016,delphi,337
5/1/2016,go,579
5/1/2016,java,17005
5/1/2016,javascript,22975
5/1/2016,perl,486
5/1/2016,php,14396
5/1/2016,python,13090
5/1/2016,r,3798
5/1/2016,ruby,2131
5/1/2016,swift,4407
6/1/2016,assembly,290
6/1/2016,c,2299
6/1/2016,c#,13044
6/1/2016,c++,5711
6/1/2016,delphi,281
6/1/2016,go,548
6/1/2016,java,15898
6/1/2016,javascript,22132
6/1/2016,perl,435
6/1/2016,php,13574
6/1/2016,python,12897
6/1/2016,r,3860
6/1/2016,ruby,2107
6/1/2016,swift,4789
7/1/2016,assembly,202
7/1/2016,c,2345
7/1/2016,c#,11990
7/1/2016,c++,5462
7/1/2016,delphi,242
7/1/2016,go,536
7/1/2016,java,14923
7/1/2016,javascript,22193
7/1/2016,perl,413
7/1/2016,php,12877
7/1/2016,python,12804
7/1/2016,r,3745
7/1/2016,ruby,1899
7/1/2016,swift,4929
8/1/2016,assembly,256
8/1/2016,c,2212
8/1/2016,c#,12710
8/1/2016,c++,5013
8/1/2016,delphi,338
8/1/2016,go,572
8/1/2016,java,15165
8/1/2016,javascript,22649
8/1/2016,perl,460
8/1/2016,php,12842
8/1/2016,python,12895
8/1/2016,r,3783
8/1/2016,ruby,1875
8/1/2016,swift,4897
9/1/2016,assembly,335
9/1/2016,c,2509
9/1/2016,c#,11095
9/1/2016,c++,5135
9/1/2016,delphi,287
9/1/2016,go,511
9/1/2016,java,14652
9/1/2016,javascript,20432
9/1/2016,perl,462
9/1/2016,php,12105
9/1/2016,python,12327
9/1/2016,r,3301
9/1/2016,ruby,1924
9/1/2016,swift,4851
10/1/2016,assembly,398
10/1/2016,c,3205
10/1/2016,c#,11441
10/1/2016,c++,5964
10/1/2016,delphi,267
10/1/2016,go,532
10/1/2016,java,15308
10/1/2016,javascript,20430
10/1/2016,perl,402
10/1/2016,php,12229
10/1/2016,python,13487
10/1/2016,r,3786
10/1/2016,ruby,1820
10/1/2016,swift,4725
11/1/2016,assembly,412
11/1/2016,c,3260
11/1/2016,c#,11643
11/1/2016,c++,6066
11/1/2016,delphi,274
11/1/2016,go,476
11/1/2016,java,15636
11/1/2016,javascript,20492
11/1/2016,perl,371
11/1/2016,php,11901
11/1/2016,python,14162
11/1/2016,r,3559
11/1/2016,ruby,1757
11/1/2016,swift,4361
12/1/2016,assembly,314
12/1/2016,c,2792
12/1/2016,c#,10677
12/1/2016,c++,5220
12/1/2016,delphi,252
12/1/2016,go,496
12/1/2016,java,13829
12/1/2016,javascript,19777
12/1/2016,perl,336
12/1/2016,php,11443
12/1/2016,python,13025
12/1/2016,r,3149
12/1/2016,ruby,1627
12/1/2016,swift,3925
1/1/2017,assembly,306
1/1/2017,c,2754
1/1/2017,c#,11683
1/1/2017,c++,5645
1/1/2017,delphi,285
1/1/2017,go,559
1/1/2017,java,14540
1/1/2017,javascript,21372
1/1/2017,perl,325
1/1/2017,php,12570
1/1/2017,python,14246
1/1/2017,r,3484
1/1/2017,ruby,1821
1/1/2017,swift,4328
2/1/2017,assembly,301
2/1/2017,c,2725
2/1/2017,c#,11473
2/1/2017,c++,5162
2/1/2017,delphi,303
2/1/2017,go,553
2/1/2017,java,14542
2/1/2017,javascript,21166
2/1/2017,perl,398
2/1/2017,php,12442
2/1/2017,python,14753
2/1/2017,r,3673
2/1/2017,ruby,1623
2/1/2017,swift,4048
3/1/2017,assembly,371
3/1/2017,c,2965
3/1/2017,c#,12973
3/1/2017,c++,6213
3/1/2017,delphi,304
3/1/2017,go,651
3/1/2017,java,17285
3/1/2017,javascript,23678
3/1/2017,perl,409
3/1/2017,php,13994
3/1/2017,python,17109
3/1/2017,r,4600
3/1/2017,ruby,1790
3/1/2017,swift,4607
4/1/2017,assembly,316
4/1/2017,c,2849
4/1/2017,c#,11078
4/1/2017,c++,5867
4/1/2017,delphi,264
4/1/2017,go,507
4/1/2017,java,15911
4/1/2017,javascript,21212
4/1/2017,perl,369
4/1/2017,php,12356
4/1/2017,python,15624
4/1/2017,r,4262
4/1/2017,ruby,1488
4/1/2017,swift,3907
5/1/2017,assembly,348
5/1/2017,c,2742
5/1/2017,c#,11966
5/1/2017,c++,5293
5/1/2017,delphi,317
5/1/2017,go,583
5/1/2017,java,16315
5/1/2017,javascript,22371
5/1/2017,perl,355
5/1/2017,php,12991
5/1/2017,python,16156
5/1/2017,r,4313
5/1/2017,ruby,1520
5/1/2017,swift,4089
6/1/2017,assembly,240
6/1/2017,c,2347
6/1/2017,c#,11290
6/1/2017,c++,4677
6/1/2017,delphi,245
6/1/2017,go,572
6/1/2017,java,14598
6/1/2017,javascript,21553
6/1/2017,perl,312
6/1/2017,php,11693
6/1/2017,python,15983
6/1/2017,r,4446
6/1/2017,ruby,1415
6/1/2017,swift,4192
7/1/2017,assembly,220
7/1/2017,c,2041
7/1/2017,c#,11192
7/1/2017,c++,5010
7/1/2017,delphi,207
7/1/2017,go,655
7/1/2017,java,14100
7/1/2017,javascript,21590
7/1/2017,perl,324
7/1/2017,php,11714
7/1/2017,python,16886
7/1/2017,r,4577
7/1/2017,ruby,1521
7/1/2017,swift,4344
8/1/2017,assembly,216
8/1/2017,c,2037
8/1/2017,c#,10939
8/1/2017,c++,4786
8/1/2017,delphi,290
8/1/2017,go,607
8/1/2017,java,13739
8/1/2017,javascript,21316
8/1/2017,perl,356
8/1/2017,php,11589
8/1/2017,python,16460
8/1/2017,r,4566
8/1/2017,ruby,1392
8/1/2017,swift,4174
9/1/2017,assembly,229
9/1/2017,c,2098
9/1/2017,c#,9860
9/1/2017,c++,4462
9/1/2017,delphi,261
9/1/2017,go,544
9/1/2017,java,12731
9/1/2017,javascript,18968
9/1/2017,perl,297
9/1/2017,php,10642
9/1/2017,python,15434
9/1/2017,r,4220
9/1/2017,ruby,1222
9/1/2017,swift,3756
10/1/2017,assembly,332
10/1/2017,c,2772
10/1/2017,c#,10215
10/1/2017,c++,5212
10/1/2017,delphi,221
10/1/2017,go,614
10/1/2017,java,13983
10/1/2017,javascript,19833
10/1/2017,perl,333
10/1/2017,php,10778
10/1/2017,python,16924
10/1/2017,r,4543
10/1/2017,ruby,1298
10/1/2017,swift,3893
11/1/2017,assembly,385
11/1/2017,c,2948
11/1/2017,c#,9777
11/1/2017,c++,5031
11/1/2017,delphi,200
11/1/2017,go,655
11/1/2017,java,14155
11/1/2017,javascript,19386
11/1/2017,perl,264
11/1/2017,php,10555
11/1/2017,python,16940
11/1/2017,r,4501
11/1/2017,ruby,1174
11/1/2017,swift,3662
12/1/2017,assembly,247
12/1/2017,c,2191
12/1/2017,c#,8585
12/1/2017,c++,4452
12/1/2017,delphi,187
12/1/2017,go,524
12/1/2017,java,11963
12/1/2017,javascript,16946
12/1/2017,perl,237
12/1/2017,php,9086
12/1/2017,python,14904
12/1/2017,r,3713
12/1/2017,ruby,1018
12/1/2017,swift,3198
1/1/2018,assembly,253
1/1/2018,c,2212
1/1/2018,c#,9359
1/1/2018,c++,4747
1/1/2018,delphi,195
1/1/2018,go,542
1/1/2018,java,12326
1/1/2018,javascript,18878
1/1/2018,perl,245
1/1/2018,php,10067
1/1/2018,python,16214
1/1/2018,r,4197
1/1/2018,ruby,1160
1/1/2018,swift,3736
2/1/2018,assembly,281
2/1/2018,c,2140
2/1/2018,c#,8568
2/1/2018,c++,4566
2/1/2018,delphi,213
2/1/2018,go,581
2/1/2018,java,12014
2/1/2018,javascript,17203
2/1/2018,perl,231
2/1/2018,php,9084
2/1/2018,python,16284
2/1/2018,r,4499
2/1/2018,ruby,1031
2/1/2018,swift,3399
3/1/2018,assembly,317
3/1/2018,c,2460
3/1/2018,c#,9777
3/1/2018,c++,5173
3/1/2018,delphi,218
3/1/2018,go,603
3/1/2018,java,13538
3/1/2018,javascript,19130
3/1/2018,perl,288
3/1/2018,php,9783
3/1/2018,python,17882
3/1/2018,r,5104
3/1/2018,ruby,1061
3/1/2018,swift,4043
4/1/2018,assembly,321
4/1/2018,c,2182
4/1/2018,c#,9228
4/1/2018,c++,4658
4/1/2018,delphi,204
4/1/2018,go,619
4/1/2018,java,13464
4/1/2018,javascript,17941
4/1/2018,perl,253
4/1/2018,php,8903
4/1/2018,python,16950
4/1/2018,r,4728
4/1/2018,ruby,986
4/1/2018,swift,3565
5/1/2018,assembly,295
5/1/2018,c,2365
5/1/2018,c#,9917
5/1/2018,c++,4680
5/1/2018,delphi,193
5/1/2018,go,630
5/1/2018,java,13441
5/1/2018,javascript,18048
5/1/2018,perl,242
5/1/2018,php,9409
5/1/2018,python,17548
5/1/2018,r,4730
5/1/2018,ruby,1035
5/1/2018,swift,3613
6/1/2018,assembly,205
6/1/2018,c,1832
6/1/2018,c#,8778
6/1/2018,c++,4087
6/1/2018,delphi,186
6/1/2018,go,674
6/1/2018,java,11767
6/1/2018,javascript,17170
6/1/2018,perl,238
6/1/2018,php,8394
6/1/2018,python,16778
6/1/2018,r,4482
6/1/2018,ruby,989
6/1/2018,swift,3137
7/1/2018,assembly,182
7/1/2018,c,1597
7/1/2018,c#,9389
7/1/2018,c++,3907
7/1/2018,delphi,206
7/1/2018,go,691
7/1/2018,java,11729
7/1/2018,javascript,17799
7/1/2018,perl,246
7/1/2018,php,8518
7/1/2018,python,17921
7/1/2018,r,4404
7/1/2018,ruby,940
7/1/2018,swift,3665
8/1/2018,assembly,176
8/1/2018,c,1678
8/1/2018,c#,9473
8/1/2018,c++,3900
8/1/2018,delphi,204
8/1/2018,go,704
8/1/2018,java,11286
8/1/2018,javascript,17840
8/1/2018,perl,227
8/1/2018,php,8440
8/1/2018,python,17721
8/1/2018,r,4100
8/1/2018,ruby,878
8/1/2018,swift,3562
9/1/2018,assembly,255
9/1/2018,c,1831
9/1/2018,c#,8348
9/1/2018,c++,3735
9/1/2018,delphi,181
9/1/2018,go,671
9/1/2018,java,10699
9/1/2018,javascript,15985
9/1/2018,perl,205
9/1/2018,php,7622
9/1/2018,python,15998
9/1/2018,r,3749
9/1/2018,ruby,777
9/1/2018,swift,3134
10/1/2018,assembly,321
10/1/2018,c,2444
10/1/2018,c#,9329
10/1/2018,c++,4297
10/1/2018,delphi,222
10/1/2018,go,790
10/1/2018,java,12475
10/1/2018,javascript,17390
10/1/2018,perl,277
10/1/2018,php,8123
10/1/2018,python,18124
10/1/2018,r,4353
10/1/2018,ruby,897
10/1/2018,swift,3263
11/1/2018,assembly,301
11/1/2018,c,2518
11/1/2018,c#,8456
11/1/2018,c++,4334
11/1/2018,delphi,179
11/1/2018,go,717
11/1/2018,java,11676
11/1/2018,javascript,16157
11/1/2018,perl,235
11/1/2018,php,7042
11/1/2018,python,17990
11/1/2018,r,4223
11/1/2018,ruby,833
11/1/2018,swift,2974
12/1/2018,assembly,221
12/1/2018,c,2188
12/1/2018,c#,7534
12/1/2018,c++,3550
12/1/2018,delphi,175
12/1/2018,go,656
12/1/2018,java,10420
12/1/2018,javascript,14252
12/1/2018,perl,220
12/1/2018,php,6174
12/1/2018,python,15704
12/1/2018,r,3397
12/1/2018,ruby,806
12/1/2018,swift,2778
1/1/2019,assembly,218
1/1/2019,c,2275
1/1/2019,c#,8728
1/1/2019,c++,3901
1/1/2019,delphi,215
1/1/2019,go,657
1/1/2019,java,10999
1/1/2019,javascript,16004
1/1/2019,perl,264
1/1/2019,php,7138
1/1/2019,python,16923
1/1/2019,r,3941
1/1/2019,ruby,916
1/1/2019,swift,2899
2/1/2019,assembly,224
2/1/2019,c,2051
2/1/2019,c#,8336
2/1/2019,c++,3724
2/1/2019,delphi,190
2/1/2019,go,628
2/1/2019,java,10968
2/1/2019,javascript,15667
2/1/2019,perl,250
2/1/2019,php,7237
2/1/2019,python,17499
2/1/2019,r,4243
2/1/2019,ruby,786
2/1/2019,swift,2674
3/1/2019,assembly,276
3/1/2019,c,2376
3/1/2019,c#,8943
3/1/2019,c++,4420
3/1/2019,delphi,186
3/1/2019,go,721
3/1/2019,java,12009
3/1/2019,javascript,17302
3/1/2019,perl,231
3/1/2019,php,7741
3/1/2019,python,19859
3/1/2019,r,4486
3/1/2019,ruby,843
3/1/2019,swift,2941
4/1/2019,assembly,303
4/1/2019,c,2427
4/1/2019,c#,9092
4/1/2019,c++,4368
4/1/2019,delphi,204
4/1/2019,go,650
4/1/2019,java,11137
4/1/2019,javascript,16138
4/1/2019,perl,205
4/1/2019,php,7125
4/1/2019,python,19805
4/1/2019,r,4593
4/1/2019,ruby,767
4/1/2019,swift,3066
5/1/2019,assembly,234
5/1/2019,c,2088
5/1/2019,c#,8999
5/1/2019,c++,4117
5/1/2019,delphi,170
5/1/2019,go,673
5/1/2019,java,11060
5/1/2019,javascript,16112
5/1/2019,perl,221
5/1/2019,php,6905
5/1/2019,python,18876
5/1/2019,r,4291
5/1/2019,ruby,760
5/1/2019,swift,3100
6/1/2019,assembly,199
6/1/2019,c,1724
6/1/2019,c#,7588
6/1/2019,c++,3635
6/1/2019,delphi,134
6/1/2019,go,526
6/1/2019,java,9609
6/1/2019,javascript,14777
6/1/2019,perl,235
6/1/2019,php,5975
6/1/2019,python,17194
6/1/2019,r,3941
6/1/2019,ruby,703
6/1/2019,swift,3082
7/1/2019,assembly,187
7/1/2019,c,1750
7/1/2019,c#,8426
7/1/2019,c++,4262
7/1/2019,delphi,164
7/1/2019,go,625
7/1/2019,java,10805
7/1/2019,javascript,16119
7/1/2019,perl,236
7/1/2019,php,6629
7/1/2019,python,19726
7/1/2019,r,4196
7/1/2019,ruby,758
7/1/2019,swift,3031
8/1/2019,assembly,166
8/1/2019,c,1546
8/1/2019,c#,7692
8/1/2019,c++,3282
8/1/2019,delphi,174
8/1/2019,go,630
8/1/2019,java,9062
8/1/2019,javascript,15183
8/1/2019,perl,192
8/1/2019,php,5777
8/1/2019,python,17996
8/1/2019,r,3947
8/1/2019,ruby,779
8/1/2019,swift,2534
9/1/2019,assembly,221
9/1/2019,c,2000
9/1/2019,c#,7830
9/1/2019,c++,3774
9/1/2019,delphi,145
9/1/2019,go,616
9/1/2019,java,9641
9/1/2019,javascript,14845
9/1/2019,perl,199
9/1/2019,php,5530
9/1/2019,python,16849
9/1/2019,r,3933
9/1/2019,ruby,715
9/1/2019,swift,2548
10/1/2019,assembly,317
10/1/2019,c,2475
10/1/2019,c#,8397
10/1/2019,c++,4828
10/1/2019,delphi,151
10/1/2019,go,633
10/1/2019,java,11177
10/1/2019,javascript,15948
10/1/2019,perl,208
10/1/2019,php,6010
10/1/2019,python,20407
10/1/2019,r,4379
10/1/2019,ruby,848
10/1/2019,swift,3094
11/1/2019,assembly,282
11/1/2019,c,2504
11/1/2019,c#,8006
11/1/2019,c++,4718
11/1/2019,delphi,171
11/1/2019,go,603
11/1/2019,java,10290
11/1/2019,javascript,15731
11/1/2019,perl,219
11/1/2019,php,6054
11/1/2019,python,20547
11/1/2019,r,4280
11/1/2019,ruby,684
11/1/2019,swift,2866
12/1/2019,assembly,247
12/1/2019,c,2142
12/1/2019,c#,7192
12/1/2019,c++,4191
12/1/2019,delphi,126
12/1/2019,go,614
12/1/2019,java,8997
12/1/2019,javascript,14287
12/1/2019,perl,157
12/1/2019,php,5192
12/1/2019,python,18071
12/1/2019,r,3737
12/1/2019,ruby,667
12/1/2019,swift,2655
1/1/2020,assembly,229
1/1/2020,c,2049
1/1/2020,c#,7781
1/1/2020,c++,4221
1/1/2020,delphi,163
1/1/2020,go,647
1/1/2020,java,9919
1/1/2020,javascript,15986
1/1/2020,perl,165
1/1/2020,php,5864
1/1/2020,python,19927
1/1/2020,r,4142
1/1/2020,ruby,761
1/1/2020,swift,2892
2/1/2020,assembly,271
2/1/2020,c,1976
2/1/2020,c#,7698
2/1/2020,c++,4071
2/1/2020,delphi,156
2/1/2020,go,661
2/1/2020,java,10016
2/1/2020,javascript,15717
2/1/2020,perl,178
2/1/2020,php,5636
2/1/2020,python,19991
2/1/2020,r,4670
2/1/2020,ruby,653
2/1/2020,swift,2756
3/1/2020,assembly,293
3/1/2020,c,2476
3/1/2020,c#,7777
3/1/2020,c++,4634
3/1/2020,delphi,167
3/1/2020,go,652
3/1/2020,java,11034
3/1/2020,javascript,17537
3/1/2020,perl,196
3/1/2020,php,5635
3/1/2020,python,22610
3/1/2020,r,5117
3/1/2020,ruby,711
3/1/2020,swift,2906
4/1/2020,assembly,378
4/1/2020,c,3248
4/1/2020,c#,8563
4/1/2020,c++,6202
4/1/2020,delphi,231
4/1/2020,go,795
4/1/2020,java,12577
4/1/2020,javascript,20859
4/1/2020,perl,220
4/1/2020,php,6592
4/1/2020,python,27579
4/1/2020,r,6166
4/1/2020,ruby,766
4/1/2020,swift,3441
5/1/2020,assembly,358
5/1/2020,c,3362
5/1/2020,c#,8575
5/1/2020,c++,6387
5/1/2020,delphi,201
5/1/2020,go,751
5/1/2020,java,11995
5/1/2020,javascript,21446
5/1/2020,perl,214
5/1/2020,php,6484
5/1/2020,python,29383
5/1/2020,r,6005
5/1/2020,ruby,695
5/1/2020,swift,3513
6/1/2020,assembly,329
6/1/2020,c,2584
6/1/2020,c#,7887
6/1/2020,c++,5612
6/1/2020,delphi,202
6/1/2020,go,706
6/1/2020,java,10801
6/1/2020,javascript,19778
6/1/2020,perl,198
6/1/2020,php,5903
6/1/2020,python,27060
6/1/2020,r,5432
6/1/2020,ruby,613
6/1/2020,swift,3152
7/1/2020,assembly,271
7/1/2020,c,2094
7/1/2020,c#,7794
7/1/2020,c++,5160
7/1/2020,delphi,193
7/1/2020,go,642
7/1/2020,java,10423
7/1/2020,javascript,19853
7/1/2020,perl,176
7/1/2020,php,5914
7/1/2020,python,26244
7/1/2020,r,4935
7/1/2020,ruby,697
7/1/2020,swift,2980
8/1/2020,assembly,265
8/1/2020,c,1891
8/1/2020,c#,7051
8/1/2020,c++,4770
8/1/2020,delphi,182
8/1/2020,go,707
8/1/2020,java,9292
8/1/2020,javascript,18006
8/1/2020,perl,192
8/1/2020,php,4956
8/1/2020,python,22984
8/1/2020,r,4494
8/1/2020,ruby,553
8/1/2020,swift,2673
9/1/2020,assembly,294
9/1/2020,c,2147
9/1/2020,c#,6444
9/1/2020,c++,3914
9/1/2020,delphi,172
9/1/2020,go,728
9/1/2020,java,8919
9/1/2020,javascript,16756
9/1/2020,perl,166
9/1/2020,php,4757
9/1/2020,python,21704
9/1/2020,r,4751
9/1/2020,ruby,513
9/1/2020,swift,2551
10/1/2020,assembly,343
10/1/2020,c,2366
10/1/2020,c#,6181
10/1/2020,c++,4320
10/1/2020,delphi,180
10/1/2020,go,590
10/1/2020,java,8916
10/1/2020,javascript,16400
10/1/2020,perl,171
10/1/2020,php,4565
10/1/2020,python,22761
10/1/2020,r,5066
10/1/2020,ruby,491
10/1/2020,swift,2317
11/1/2020,assembly,374
11/1/2020,c,2691
11/1/2020,c#,5969
11/1/2020,c++,4311
11/1/2020,delphi,193
11/1/2020,go,526
11/1/2020,java,8457
11/1/2020,javascript,15496
11/1/2020,perl,150
11/1/2020,php,4600
11/1/2020,python,22123
11/1/2020,r,4799
11/1/2020,ruby,501
11/1/2020,swift,2158
12/1/2020,assembly,299
12/1/2020,c,2638
12/1/2020,c#,5723
12/1/2020,c++,4443
12/1/2020,delphi,190
12/1/2020,go,535
12/1/2020,java,7794
12/1/2020,javascript,15994
12/1/2020,perl,131
12/1/2020,php,4772
12/1/2020,python,22136
12/1/2020,r,4335
12/1/2020,ruby,500
12/1/2020,swift,2093
1/1/2021,assembly,308
1/1/2021,c,2565
1/1/2021,c#,6185
1/1/2021,c++,4099
1/1/2021,delphi,199
1/1/2021,go,567
1/1/2021,java,8008
1/1/2021,javascript,16854
1/1/2021,perl,145
1/1/2021,php,4736
1/1/2021,python,22830
1/1/2021,r,4340
1/1/2021,ruby,522
1/1/2021,swift,2308
2/1/2021,assembly,244
2/1/2021,c,2234
2/1/2021,c#,5786
2/1/2021,c++,4088
2/1/2021,delphi,187
2/1/2021,go,567
2/1/2021,java,7567
2/1/2021,javascript,15260
2/1/2021,perl,133
2/1/2021,php,4360
2/1/2021,python,21376
2/1/2021,r,4324
2/1/2021,ruby,530
2/1/2021,swift,2255
3/1/2021,assembly,321
3/1/2021,c,2481
3/1/2021,c#,6378
3/1/2021,c++,4290
3/1/2021,delphi,254
3/1/2021,go,756
3/1/2021,java,8649
3/1/2021,javascript,16745
3/1/2021,perl,152
3/1/2021,php,4728
3/1/2021,python,23793
3/1/2021,r,5167
3/1/2021,ruby,497
3/1/2021,swift,2377
4/1/2021,assembly,320
4/1/2021,c,2292
4/1/2021,c#,5888
4/1/2021,c++,3930
4/1/2021,delphi,171
4/1/2021,go,625
4/1/2021,java,7904
4/1/2021,javascript,15835
4/1/2021,perl,136
4/1/2021,php,4297
4/1/2021,python,22367
4/1/2021,r,4793
4/1/2021,ruby,517
4/1/2021,swift,2110
5/1/2021,assembly,300
5/1/2021,c,2084
5/1/2021,c#,5726
5/1/2021,c++,4180
5/1/2021,delphi,169
5/1/2021,go,642
5/1/2021,java,7931
5/1/2021,javascript,15793
5/1/2021,perl,120
5/1/2021,php,4234
5/1/2021,python,22349
5/1/2021,r,4664
5/1/2021,ruby,399
5/1/2021,swift,1857
6/1/2021,assembly,260
6/1/2021,c,1864
6/1/2021,c#,5618
6/1/2021,c++,3811
6/1/2021,delphi,125
6/1/2021,go,608
6/1/2021,java,7568
6/1/2021,javascript,14983
6/1/2021,perl,154
6/1/2021,php,4060
6/1/2021,python,20849
6/1/2021,r,4280
6/1/2021,ruby,418
6/1/2021,swift,1785
7/1/2021,assembly,183
7/1/2021,c,1618
7/1/2021,c#,5199
7/1/2021,c++,3487
7/1/2021,delphi,140
7/1/2021,go,603
7/1/2021,java,6935
7/1/2021,javascript,14742
7/1/2021,perl,138
7/1/2021,php,3869
7/1/2021,python,20540
7/1/2021,r,4043
7/1/2021,ruby,445
7/1/2021,swift,1964
8/1/2021,assembly,161
8/1/2021,c,1530
8/1/2021,c#,5098
8/1/2021,c++,3237
8/1/2021,delphi,136
8/1/2021,go,745
8/1/2021,java,6743
8/1/2021,javascript,14611
8/1/2021,perl,118
8/1/2021,php,3851
8/1/2021,python,19789
8/1/2021,r,4032
8/1/2021,ruby,445
8/1/2021,swift,1889
9/1/2021,assembly,192
9/1/2021,c,1701
9/1/2021,c#,5045
9/1/2021,c++,3587
9/1/2021,delphi,134
9/1/2021,go,620
9/1/2021,java,6593
9/1/2021,javascript,14391
9/1/2021,perl,113
9/1/2021,php,3667
9/1/2021,python,18977
9/1/2021,r,3901
9/1/2021,ruby,445
9/1/2021,swift,1618
10/1/2021,assembly,203
10/1/2021,c,2088
10/1/2021,c#,5274
10/1/2021,c++,3710
10/1/2021,delphi,143
10/1/2021,go,699
10/1/2021,java,6553
10/1/2021,javascript,13818
10/1/2021,perl,127
10/1/2021,php,3572
10/1/2021,python,19766
10/1/2021,r,4172
10/1/2021,ruby,414
10/1/2021,swift,1564
11/1/2021,assembly,287
11/1/2021,c,2205
11/1/2021,c#,5586
11/1/2021,c++,3810
11/1/2021,delphi,140
11/1/2021,go,651
11/1/2021,java,6900
11/1/2021,javascript,13468
11/1/2021,perl,78
11/1/2021,php,3478
11/1/2021,python,20016
11/1/2021,r,4026
11/1/2021,ruby,393
11/1/2021,swift,1532
12/1/2021,assembly,266
12/1/2021,c,2100
12/1/2021,c#,5023
12/1/2021,c++,3567
12/1/2021,delphi,143
12/1/2021,go,722
12/1/2021,java,6173
12/1/2021,javascript,13075
12/1/2021,perl,103
12/1/2021,php,3235
12/1/2021,python,19012
12/1/2021,r,3538
12/1/2021,ruby,372
12/1/2021,swift,1420
1/1/2022,assembly,228
1/1/2022,c,1952
1/1/2022,c#,5263
1/1/2022,c++,3610
1/1/2022,delphi,135
1/1/2022,go,739
1/1/2022,java,6440
1/1/2022,javascript,13962
1/1/2022,perl,127
1/1/2022,php,3379
1/1/2022,python,19676
1/1/2022,r,3841
1/1/2022,ruby,443
1/1/2022,swift,1728
2/1/2022,assembly,214
2/1/2022,c,1678
2/1/2022,c#,5096
2/1/2022,c++,3194
2/1/2022,delphi,166
2/1/2022,go,645
2/1/2022,java,5925
2/1/2022,javascript,12812
2/1/2022,perl,96
2/1/2022,php,3105
2/1/2022,python,19235
2/1/2022,r,3910
2/1/2022,ruby,406
2/1/2022,swift,1600
3/1/2022,assembly,233
3/1/2022,c,1951
3/1/2022,c#,5676
3/1/2022,c++,3508
3/1/2022,delphi,120
3/1/2022,go,760
3/1/2022,java,6573
3/1/2022,javascript,13597
3/1/2022,perl,103
3/1/2022,php,3112
3/1/2022,python,20736
3/1/2022,r,4483
3/1/2022,ruby,444
3/1/2022,swift,1745
4/1/2022,assembly,246
4/1/2022,c,1745
4/1/2022,c#,5205
4/1/2022,c++,3493
4/1/2022,delphi,113
4/1/2022,go,716
4/1/2022,java,6373
4/1/2022,javascript,13488
4/1/2022,perl,100
4/1/2022,php,3180
4/1/2022,python,19857
4/1/2022,r,4177
4/1/2022,ruby,431
4/1/2022,swift,1451
5/1/2022,assembly,258
5/1/2022,c,1771
5/1/2022,c#,5496
5/1/2022,c++,3539
5/1/2022,delphi,119
5/1/2022,go,608
5/1/2022,java,6487
5/1/2022,javascript,13331
5/1/2022,perl,92
5/1/2022,php,3367
5/1/2022,python,19424
5/1/2022,r,4136
5/1/2022,ruby,437
5/1/2022,swift,1468
6/1/2022,assembly,239
6/1/2022,c,1563
6/1/2022,c#,5306
6/1/2022,c++,3090
6/1/2022,delphi,110
6/1/2022,go,680
6/1/2022,java,5720
6/1/2022,javascript,12651
6/1/2022,perl,123
6/1/2022,php,3187
6/1/2022,python,18789
6/1/2022,r,3889
6/1/2022,ruby,427
6/1/2022,swift,1515
7/1/2022,assembly,203
7/1/2022,c,1386
7/1/2022,c#,5231
7/1/2022,c++,2997
7/1/2022,delphi,116
7/1/2022,go,686
7/1/2022,java,5405
7/1/2022,javascript,12768
7/1/2022,perl,126
7/1/2022,php,3100
7/1/2022,python,19051
7/1/2022,r,3665
7/1/2022,ruby,405
7/1/2022,swift,1469
8/1/2022,assembly,161
8/1/2022,c,1435
8/1/2022,c#,5494
8/1/2022,c++,2959
8/1/2022,delphi,117
8/1/2022,go,795
8/1/2022,java,5318
8/1/2022,javascript,13094
8/1/2022,perl,117
8/1/2022,php,3110
8/1/2022,python,18693
8/1/2022,r,3786
8/1/2022,ruby,424
8/1/2022,swift,1484
9/1/2022,assembly,174
9/1/2022,c,1554
9/1/2022,c#,4998
9/1/2022,c++,2778
9/1/2022,delphi,132
9/1/2022,go,786
9/1/2022,java,5047
9/1/2022,javascript,11905
9/1/2022,perl,82
9/1/2022,php,2834
9/1/2022,python,17085
9/1/2022,r,3541
9/1/2022,ruby,401
9/1/2022,swift,1499
10/1/2022,assembly,227
10/1/2022,c,1896
10/1/2022,c#,5045
10/1/2022,c++,2932
10/1/2022,delphi,137
10/1/2022,go,693
10/1/2022,java,5304
10/1/2022,javascript,11688
10/1/2022,perl,81
10/1/2022,php,2758
10/1/2022,python,18543
10/1/2022,r,3913
10/1/2022,ruby,373
10/1/2022,swift,1328
11/1/2022,assembly,270
11/1/2022,c,2011
11/1/2022,c#,5187
11/1/2022,c++,2976
11/1/2022,delphi,107
11/1/2022,go,700
11/1/2022,java,5419
11/1/2022,javascript,11777
11/1/2022,perl,107
11/1/2022,php,2789
11/1/2022,python,18899
11/1/2022,r,4004
11/1/2022,ruby,414
11/1/2022,swift,1437
12/1/2022,assembly,264
12/1/2022,c,1727
12/1/2022,c#,4669
12/1/2022,c++,2625
12/1/2022,delphi,81
12/1/2022,go,601
12/1/2022,java,4816
12/1/2022,javascript,10331
12/1/2022,perl,94
12/1/2022,php,2363
12/1/2022,python,15898
12/1/2022,r,3217
12/1/2022,ruby,344
12/1/2022,swift,1234
1/1/2023,assembly,238
1/1/2023,c,1496
1/1/2023,c#,5256
1/1/2023,c++,2603
1/1/2023,delphi,114
1/1/2023,go,720
1/1/2023,java,5570
1/1/2023,javascript,11884
1/1/2023,perl,74
1/1/2023,php,2975
1/1/2023,python,17443
1/1/2023,r,3688
1/1/2023,ruby,371
1/1/2023,swift,1389
2/1/2023,assembly,188
2/1/2023,c,1305
2/1/2023,c#,4738
2/1/2023,c++,2208
2/1/2023,delphi,133
2/1/2023,go,651
2/1/2023,java,5171
2/1/2023,javascript,10422
2/1/2023,perl,79
2/1/2023,php,2409
2/1/2023,python,15619
2/1/2023,r,3799
2/1/2023,ruby,340
2/1/2023,swift,1286
3/1/2023,assembly,178
3/1/2023,c,1260
3/1/2023,c#,4886
3/1/2023,c++,2559
3/1/2023,delphi,143
3/1/2023,go,634
3/1/2023,java,5512
3/1/2023,javascript,10487
3/1/2023,perl,95
3/1/2023,php,2270
3/1/2023,python,15453
3/1/2023,r,3826
3/1/2023,ruby,300
3/1/2023,swift,1355
4/1/2023,assembly,194
4/1/2023,c,1185
4/1/2023,c#,3826
4/1/2023,c++,1959
4/1/2023,delphi,121
4/1/2023,go,511
4/1/2023,java,4458
4/1/2023,javascript,8269
4/1/2023,perl,56
4/1/2023,php,1921
4/1/2023,python,12391
4/1/2023,r,3096
4/1/2023,ruby,219
4/1/2023,swift,1085
5/1/2023,assembly,174
5/1/2023,c,1047
5/1/2023,c#,3814
5/1/2023,c++,1775
5/1/2023,delphi,114
5/1/2023,go,418
5/1/2023,java,4162
5/1/2023,javascript,7735
5/1/2023,perl,54
5/1/2023,php,1965
5/1/2023,python,11775
5/1/2023,r,2861
5/1/2023,ruby,255
5/1/2023,swift,989
6/1/2023,assembly,155
6/1/2023,c,885
6/1/2023,c#,3796
6/1/2023,c++,1808
6/1/2023,delphi,117
6/1/2023,go,518
6/1/2023,java,4274
6/1/2023,javascript,7495
6/1/2023,perl,54
6/1/2023,php,1890
6/1/2023,python,11239
6/1/2023,r,2658
6/1/2023,ruby,226
6/1/2023,swift,1127
7/1/2023,assembly,161
7/1/2023,c,915
7/1/2023,c#,3866
7/1/2023,c++,1849
7/1/2023,delphi,99
7/1/2023,go,522
7/1/2023,java,4057
7/1/2023,javascript,7507
7/1/2023,perl,68
7/1/2023,php,1732
7/1/2023,python,11111
7/1/2023,r,2359
7/1/2023,ruby,224
7/1/2023,swift,1151
8/1/2023,assembly,144
8/1/2023,c,862
8/1/2023,c#,3651
8/1/2023,c++,1668
8/1/2023,delphi,106
8/1/2023,go,492
8/1/2023,java,3826
8/1/2023,javascript,6767
8/1/2023,perl,49
8/1/2023,php,1769
8/1/2023,python,10236
8/1/2023,r,2358
8/1/2023,ruby,201
8/1/2023,swift,973
9/1/2023,assembly,158
9/1/2023,c,873
9/1/2023,c#,3057
9/1/2023,c++,1493
9/1/2023,delphi,105
9/1/2023,go,425
9/1/2023,java,3334
9/1/2023,javascript,5715
9/1/2023,perl,61
9/1/2023,php,1669
9/1/2023,python,8630
9/1/2023,r,2039
9/1/2023,ruby,192
9/1/2023,swift,864
10/1/2023,assembly,177
10/1/2023,c,977
10/1/2023,c#,3213
10/1/2023,c++,1727
10/1/2023,delphi,165
10/1/2023,go,423
10/1/2023,java,3451
10/1/2023,javascript,5517
10/1/2023,perl,53
10/1/2023,php,1551
10/1/2023,python,9063
10/1/2023,r,2067
10/1/2023,ruby,196
10/1/2023,swift,907
11/1/2023,assembly,173
11/1/2023,c,965
11/1/2023,c#,3137
11/1/2023,c++,1478
11/1/2023,delphi,104
11/1/2023,go,414
11/1/2023,java,3326
11/1/2023,javascript,5272
11/1/2023,perl,44
11/1/2023,php,1417
11/1/2023,python,8588
11/1/2023,r,2008
11/1/2023,ruby,157
11/1/2023,swift,873
12/1/2023,assembly,201
12/1/2023,c,919
12/1/2023,c#,2927
12/1/2023,c++,1715
12/1/2023,delphi,79
12/1/2023,go,378
12/1/2023,java,2984
12/1/2023,javascript,5228
12/1/2023,perl,56
12/1/2023,php,1385
12/1/2023,python,7907
12/1/2023,r,1688
12/1/2023,ruby,169
12/1/2023,swift,813
